collected_at,platform,trader_id,symbol,side,entry_price,mark_price,leverage,size,notional,pnl,pnl_pct,raw
2026-06-11T04:54:59+00:00,okx_web3,3CkgBB2ryzxQuSmzPSQ53jtVffPf1Wb1t1HBVs8GmGfw,KINS,long,,,,,,60467.398528192854,709.4134867809566,"{""pnl"": ""60467.398528192854"", ""roi"": ""709.4134867809566"", ""source"": ""okx_web3_topTokens"", ""tokenAddress"": ""Tqj8yFmagrg7oorpQkVGYR52r96RFTamvWfth9bpump"", ""tokenSymbol"": ""KINS"", ""tokenUrl"": ""https://web3.okx.com/cdn/web3/currency/token/large/501-Tqj8yFmagrg7oorpQkVGYR52r96RFTamvWfth9bpump-109/type=default_90_0?v=1779472621760"", ""walletAddress"": ""3CkgBB2ryzxQuSmzPSQ53jtVffPf1Wb1t1HBVs8GmGfw"", ""walletName"": """"}"
2026-06-11T04:54:59+00:00,okx_web3,3CkgBB2ryzxQuSmzPSQ53jtVffPf1Wb1t1HBVs8GmGfw,Magpie,long,,,,,,5646.07211753556,108.52131604448118,"{""pnl"": ""5646.07211753556"", ""roi"": ""108.52131604448118"", ""source"": ""okx_web3_topTokens"", ""tokenAddress"": ""9UuLsJ3jf8ViBNeRcwXD53re5G3ypgfKK3s2EiMMpump"", ""tokenSymbol"": ""Magpie"", ""tokenUrl"": ""https://web3.okx.com/cdn/web3/currency/token/large/501-9UuLsJ3jf8ViBNeRcwXD53re5G3ypgfKK3s2EiMMpump-109/type=default_90_0?v=1780371544831"", ""walletAddress"": ""3CkgBB2ryzxQuSmzPSQ53jtVffPf1Wb1t1HBVs8GmGfw"", ""walletName"": """"}"
2026-06-11T04:54:59+00:00,okx_web3,3CkgBB2ryzxQuSmzPSQ53jtVffPf1Wb1t1HBVs8GmGfw,FIN,long,,,,,,1748.1386545766775,171.97769651677194,"{""pnl"": ""1748.1386545766775"", ""roi"": ""171.97769651677194"", ""source"": ""okx_web3_topTokens"", ""tokenAddress"": ""87UGfmKKFjvWRCpFRgpKtRdrj1gVwkqebdxLnAAPpump"", ""tokenSymbol"": ""FIN"", ""tokenUrl"": ""https://web3.okx.com/cdn/web3/currency/token/large/501-87UGfmKKFjvWRCpFRgpKtRdrj1gVwkqebdxLnAAPpump-109/type=default_90_0?v=1780897072182"", ""walletAddress"": ""3CkgBB2ryzxQuSmzPSQ53jtVffPf1Wb1t1HBVs8GmGfw"", ""walletName"": """"}"
2026-06-11T04:54:59+00:00,okx_web3,3LUfv2u5yzsDtUzPdsSJ7ygPBuqwfycMkjpNreRR2Yww,Nietzschean,long,,,,,,5998.942391263602,570.4794496522114,"{""pnl"": ""5998.942391263602"", ""roi"": ""570.4794496522114"", ""source"": ""okx_web3_topTokens"", ""tokenAddress"": ""6hKCkzYNeiAaNBaCKx1mQvHpBpDy3TCS9BDexnoVpump"", ""tokenSymbol"": ""Nietzschean "", ""tokenUrl"": ""https://web3.okx.com/cdn/web3/currency/token/large/501-6hKCkzYNeiAaNBaCKx1mQvHpBpDy3TCS9BDexnoVpump-107/type=default_90_0?v=1780923346175"", ""walletAddress"": ""3LUfv2u5yzsDtUzPdsSJ7ygPBuqwfycMkjpNreRR2Yww"", ""walletName"": ""Domy""}"
2026-06-11T04:54:59+00:00,okx_web3,3LUfv2u5yzsDtUzPdsSJ7ygPBuqwfycMkjpNreRR2Yww,drillpigius,long,,,,,,4580.319752350505,314.3025560553722,"{""pnl"": ""4580.319752350505"", ""roi"": ""314.3025560553722"", ""source"": ""okx_web3_topTokens"", ""tokenAddress"": ""5CqzoJpLM3PqchnsKF23kremvSJ1vqBuY5YzBPDtpump"", ""tokenSymbol"": ""drillpigius"", ""tokenUrl"": ""https://web3.okx.com/cdn/web3/currency/token/large/501-5CqzoJpLM3PqchnsKF23kremvSJ1vqBuY5YzBPDtpump-107/type=default_90_0?v=1781007134969"", ""walletAddress"": ""3LUfv2u5yzsDtUzPdsSJ7ygPBuqwfycMkjpNreRR2Yww"", ""walletName"": ""Domy""}"
2026-06-11T04:54:59+00:00,okx_web3,3LUfv2u5yzsDtUzPdsSJ7ygPBuqwfycMkjpNreRR2Yww,Tung,long,,,,,,3727.7659895975307,323.8498648964709,"{""pnl"": ""3727.7659895975307"", ""roi"": ""323.8498648964709"", ""source"": ""okx_web3_topTokens"", ""tokenAddress"": ""22dJJzRF79AYhgddLD7iqqwg7ghNgbZqnx8jcbtMpump"", ""tokenSymbol"": ""Tung"", ""tokenUrl"": ""https://web3.okx.com/cdn/web3/currency/token/large/501-22dJJzRF79AYhgddLD7iqqwg7ghNgbZqnx8jcbtMpump-107/type=default_90_0?v=1781029146473"", ""walletAddress"": ""3LUfv2u5yzsDtUzPdsSJ7ygPBuqwfycMkjpNreRR2Yww"", ""walletName"": ""Domy""}"
2026-06-11T04:54:59+00:00,okx_web3,AcoNeFQsTPYs7ZrH8RMWaxxGJTTQJJ4H5aTXmptaz5UK,Jotchua,long,,,,,,44608.96609142442,7571.764727746861,"{""pnl"": ""44608.96609142442"", ""roi"": ""7571.764727746861"", ""source"": ""okx_web3_topTokens"", ""tokenAddress"": ""BcHEaaTCvycPwwsJ9yQTXdHP9X2gCLkznDbZ8VySpump"", ""tokenSymbol"": ""Jotchua"", ""tokenUrl"": ""https://web3.okx.com/cdn/web3/currency/token/large/501-BcHEaaTCvycPwwsJ9yQTXdHP9X2gCLkznDbZ8VySpump-109/type=default_90_0?v=1780808328515"", ""walletAddress"": ""AcoNeFQsTPYs7ZrH8RMWaxxGJTTQJJ4H5aTXmptaz5UK"", ""walletName"": ""I̶l̷y̶""}"
2026-06-11T04:54:59+00:00,okx_web3,AcoNeFQsTPYs7ZrH8RMWaxxGJTTQJJ4H5aTXmptaz5UK,ELON,long,,,,,,3065.6849380000012,345.8652426715713,"{""pnl"": ""3065.6849380000012"", ""roi"": ""345.8652426715713"", ""source"": ""okx_web3_topTokens"", ""tokenAddress"": ""8fiegpuKk3YqtSERRvrheDU5ryTZeZzGynkRfK5zpump"", ""tokenSymbol"": ""ELON"", ""tokenUrl"": ""https://web3.okx.com/cdn/web3/currency/token/large/501-8fiegpuKk3YqtSERRvrheDU5ryTZeZzGynkRfK5zpump-109/type=default_90_0?v=1781110753390"", ""walletAddress"": ""AcoNeFQsTPYs7ZrH8RMWaxxGJTTQJJ4H5aTXmptaz5UK"", ""walletName"": ""I̶l̷y̶""}"
2026-06-11T04:54:59+00:00,okx_web3,AcoNeFQsTPYs7ZrH8RMWaxxGJTTQJJ4H5aTXmptaz5UK,wCAT,long,,,,,,488.98113399999767,100.49942041248158,"{""pnl"": ""488.98113399999767"", ""roi"": ""100.49942041248158"", ""source"": ""okx_web3_topTokens"", ""tokenAddress"": ""DqUjBBbtnJutmLRNY2ZM8NzypJuMC3axeZQmxj3Mpump"", ""tokenSymbol"": ""wCAT"", ""tokenUrl"": ""https://web3.okx.com/cdn/web3/currency/token/large/501-DqUjBBbtnJutmLRNY2ZM8NzypJuMC3axeZQmxj3Mpump-109/type=default_90_0?v=1780766494071"", ""walletAddress"": ""AcoNeFQsTPYs7ZrH8RMWaxxGJTTQJJ4H5aTXmptaz5UK"", ""walletName"": ""I̶l̷y̶""}"
2026-06-11T04:54:59+00:00,okx_web3,3mWG7DbH9BrQjX1j15xhK74n4HhUNwmxNZQv4AEXkn8e,SLAB,long,,,,,,42400.01548935434,9891.06200325505,"{""pnl"": ""42400.01548935434"", ""roi"": ""9891.06200325505"", ""source"": ""okx_web3_topTokens"", ""tokenAddress"": ""6RXiM7kFbVhqNnS12m8gUjNrvzUdL9kRTsYGJWHEFQTc"", ""tokenSymbol"": ""SLAB"", ""tokenUrl"": ""https://web3.okx.com/cdn/web3/currency/token/large/501-6RXiM7kFbVhqNnS12m8gUjNrvzUdL9kRTsYGJWHEFQTc-109/type=default_90_0?v=1780658195163"", ""walletAddress"": ""3mWG7DbH9BrQjX1j15xhK74n4HhUNwmxNZQv4AEXkn8e"", ""walletName"": """"}"
2026-06-11T04:54:59+00:00,okx_web3,3mWG7DbH9BrQjX1j15xhK74n4HhUNwmxNZQv4AEXkn8e,DYLAN,long,,,,,,70.85627005358361,46.714997499017116,"{""pnl"": ""70.85627005358361"", ""roi"": ""46.714997499017116"", ""source"": ""okx_web3_topTokens"", ""tokenAddress"": ""GPNvpuDT3J1bTpU9neXUrsCqL6RgRindGE6MJweFpump"", ""tokenSymbol"": ""DYLAN"", ""tokenUrl"": ""https://web3.okx.com/cdn/web3/currency/token/large/501-GPNvpuDT3J1bTpU9neXUrsCqL6RgRindGE6MJweFpump-108/type=default_90_0?v=1780746454495"", ""walletAddress"": ""3mWG7DbH9BrQjX1j15xhK74n4HhUNwmxNZQv4AEXkn8e"", ""walletName"": """"}"
2026-06-11T04:54:59+00:00,okx_web3,3mWG7DbH9BrQjX1j15xhK74n4HhUNwmxNZQv4AEXkn8e,Troy,long,,,,,,34.99616506766209,15.054304312841877,"{""pnl"": ""34.99616506766209"", ""roi"": ""15.054304312841877"", ""source"": ""okx_web3_topTokens"", ""tokenAddress"": ""7MQbhKdgRddD5VXTyFbQntCHMTQwRbAUnDn5LqoYjw7B"", ""tokenSymbol"": ""Troy"", ""tokenUrl"": ""https://web3.okx.com/cdn/web3/currency/token/large/501-7MQbhKdgRddD5VXTyFbQntCHMTQwRbAUnDn5LqoYjw7B-107/type=default_90_0?v=1780534458746"", ""walletAddress"": ""3mWG7DbH9BrQjX1j15xhK74n4HhUNwmxNZQv4AEXkn8e"", ""walletName"": """"}"
2026-06-11T04:54:59+00:00,okx_web3,5ZuV8eqkvzYFVEKbLvGBdexL2tFv7E5BCd2HZpjqbdg,GRIND,long,,,,,,3064.7277286990397,429.8511525246215,"{""pnl"": ""3064.7277286990397"", ""roi"": ""429.8511525246215"", ""source"": ""okx_web3_topTokens"", ""tokenAddress"": ""2E4MBM3zQ3e7uRgrndYgJpjWqcJ8ReB4vuHURjwGpump"", ""tokenSymbol"": ""GRIND"", ""tokenUrl"": ""https://web3.okx.com/cdn/web3/currency/token/large/501-2E4MBM3zQ3e7uRgrndYgJpjWqcJ8ReB4vuHURjwGpump-109/type=default_90_0?v=1780877002089"", ""walletAddress"": ""5ZuV8eqkvzYFVEKbLvGBdexL2tFv7E5BCd2HZpjqbdg"", ""walletName"": ""Doji""}"
2026-06-11T04:54:59+00:00,okx_web3,5ZuV8eqkvzYFVEKbLvGBdexL2tFv7E5BCd2HZpjqbdg,Mindanao,long,,,,,,2740.8121460130956,452.03888694658826,"{""pnl"": ""2740.8121460130956"", ""roi"": ""452.03888694658826"", ""source"": ""okx_web3_topTokens"", ""tokenAddress"": ""9TJzt53bUa96wZQquMGAquSvAoJjFH5SUvcG2RYopump"", ""tokenSymbol"": ""Mindanao"", ""tokenUrl"": ""https://web3.okx.com/cdn/web3/currency/token/large/501-9TJzt53bUa96wZQquMGAquSvAoJjFH5SUvcG2RYopump-107/type=default_90_0?v=1781126317569"", ""walletAddress"": ""5ZuV8eqkvzYFVEKbLvGBdexL2tFv7E5BCd2HZpjqbdg"", ""walletName"": ""Doji""}"
2026-06-11T04:54:59+00:00,okx_web3,5ZuV8eqkvzYFVEKbLvGBdexL2tFv7E5BCd2HZpjqbdg,Memetic,long,,,,,,2393.686538249344,136.15926136011205,"{""pnl"": ""2393.686538249344"", ""roi"": ""136.15926136011205"", ""source"": ""okx_web3_topTokens"", ""tokenAddress"": ""Ft6MkibVEFQipCzNp7EoC8G8M8ai5YddFSLEFeSwpump"", ""tokenSymbol"": ""Memetic"", ""tokenUrl"": ""https://web3.okx.com/cdn/web3/currency/token/large/501-Ft6MkibVEFQipCzNp7EoC8G8M8ai5YddFSLEFeSwpump-109/type=default_90_0?v=1780952289631"", ""walletAddress"": ""5ZuV8eqkvzYFVEKbLvGBdexL2tFv7E5BCd2HZpjqbdg"", ""walletName"": ""Doji""}"
2026-06-11T04:54:59+00:00,okx_web3,338PNcRSzaJksX1ZbfhcSid24LyijfRKTDx4QzQNmgY6,SLAB,long,,,,,,33263.87693001264,2551.9699533282346,"{""pnl"": ""33263.87693001264"", ""roi"": ""2551.9699533282346"", ""source"": ""okx_web3_topTokens"", ""tokenAddress"": ""6RXiM7kFbVhqNnS12m8gUjNrvzUdL9kRTsYGJWHEFQTc"", ""tokenSymbol"": ""SLAB"", ""tokenUrl"": ""https://web3.okx.com/cdn/web3/currency/token/large/501-6RXiM7kFbVhqNnS12m8gUjNrvzUdL9kRTsYGJWHEFQTc-109/type=default_90_0?v=1780658195163"", ""walletAddress"": ""338PNcRSzaJksX1ZbfhcSid24LyijfRKTDx4QzQNmgY6"", ""walletName"": """"}"
2026-06-11T04:54:59+00:00,okx_web3,338PNcRSzaJksX1ZbfhcSid24LyijfRKTDx4QzQNmgY6,scooby,long,,,,,,1002.8097126943263,763.5787837129918,"{""pnl"": ""1002.8097126943263"", ""roi"": ""763.5787837129918"", ""source"": ""okx_web3_topTokens"", ""tokenAddress"": ""3Ln2EH9txLwMjLP4NEcLuEfGEbwb1pKjUyiMfKYDpump"", ""tokenSymbol"": ""scooby"", ""tokenUrl"": ""https://web3.okx.com/cdn/web3/currency/token/large/501-3Ln2EH9txLwMjLP4NEcLuEfGEbwb1pKjUyiMfKYDpump-109/type=default_90_0?v=1780985379684"", ""walletAddress"": ""338PNcRSzaJksX1ZbfhcSid24LyijfRKTDx4QzQNmgY6"", ""walletName"": """"}"
2026-06-11T04:54:59+00:00,okx_web3,338PNcRSzaJksX1ZbfhcSid24LyijfRKTDx4QzQNmgY6,GenZ,long,,,,,,351.1812601470284,215.05606829718477,"{""pnl"": ""351.1812601470284"", ""roi"": ""215.05606829718477"", ""source"": ""okx_web3_topTokens"", ""tokenAddress"": ""6C9dWzBw929Y4SjYv38PMBTQJneHVzNsZNRWJ8A6pump"", ""tokenSymbol"": ""GenZ"", ""tokenUrl"": ""https://web3.okx.com/cdn/web3/currency/token/large/501-6C9dWzBw929Y4SjYv38PMBTQJneHVzNsZNRWJ8A6pump-109/type=default_90_0?v=1781109039935"", ""walletAddress"": ""338PNcRSzaJksX1ZbfhcSid24LyijfRKTDx4QzQNmgY6"", ""walletName"": """"}"
2026-06-11T04:54:59+00:00,okx_web3,AuPp4YTMTyqxYXQnHc5KUc6pUuCSsHQpBJhgnD45yqrf,SV151,long,,,,,,23989.79116404245,599.7447791010612,"{""pnl"": ""23989.79116404245"", ""roi"": ""599.7447791010612"", ""source"": ""okx_web3_topTokens"", ""tokenAddress"": ""SV151D5pjygAKA8aJJcKzm4wFnRX5G92Fye94jQJk7g"", ""tokenSymbol"": ""SV151"", ""tokenUrl"": ""https://web3.okx.com/cdn/web3/currency/token/large/501-SV151D5pjygAKA8aJJcKzm4wFnRX5G92Fye94jQJk7g-109/type=default_90_0?v=1780585403425"", ""walletAddress"": ""AuPp4YTMTyqxYXQnHc5KUc6pUuCSsHQpBJhgnD45yqrf"", ""walletName"": ""Dani""}"
2026-06-11T04:54:59+00:00,okx_web3,AuPp4YTMTyqxYXQnHc5KUc6pUuCSsHQpBJhgnD45yqrf,drooling,long,,,,,,6789.5130271676435,344.3576270676465,"{""pnl"": ""6789.5130271676435"", ""roi"": ""344.3576270676465"", ""source"": ""okx_web3_topTokens"", ""tokenAddress"": ""B6f27ETGcjgGNB1fqULJbXVmw9FnL8HgBp7R83hmpump"", ""tokenSymbol"": ""drooling"", ""tokenUrl"": ""https://web3.okx.com/cdn/web3/currency/token/large/501-B6f27ETGcjgGNB1fqULJbXVmw9FnL8HgBp7R83hmpump-109/type=default_90_0?v=1780040841690"", ""walletAddress"": ""AuPp4YTMTyqxYXQnHc5KUc6pUuCSsHQpBJhgnD45yqrf"", ""walletName"": ""Dani""}"
2026-06-11T04:54:59+00:00,okx_web3,AuPp4YTMTyqxYXQnHc5KUc6pUuCSsHQpBJhgnD45yqrf,LIFE,long,,,,,,3315.6724315987244,197.59218225219567,"{""pnl"": ""3315.6724315987244"", ""roi"": ""197.59218225219567"", ""source"": ""okx_web3_topTokens"", ""tokenAddress"": ""J8cXU1EFi1SCTJ9XYpBnjqQ7nVLETNLFaRaHCP3RLiFE"", ""tokenSymbol"": ""LIFE"", ""tokenUrl"": ""https://web3.okx.com/cdn/web3/currency/token/large/501-J8cXU1EFi1SCTJ9XYpBnjqQ7nVLETNLFaRaHCP3RLiFE-109/type=default_90_0?v=1780877002335"", ""walletAddress"": ""AuPp4YTMTyqxYXQnHc5KUc6pUuCSsHQpBJhgnD45yqrf"", ""walletName"": ""Dani""}"
2026-06-11T04:54:59+00:00,okx_web3,4vw54BmAogeRV3vPKWyFet5yf8DTLcREzdSzx4rw9Ud9,Popcat,long,,,,,,697.7830649999864,239.46907963551558,"{""pnl"": ""697.7830649999864"", ""roi"": ""239.46907963551558"", ""source"": ""okx_web3_topTokens"", ""tokenAddress"": ""Gomc3mcFoGpr482p6tTrLhzodk369UevVyRc3rbTpump"", ""tokenSymbol"": ""Popcat"", ""tokenUrl"": ""https://web3.okx.com/cdn/web3/currency/token/large/501-Gomc3mcFoGpr482p6tTrLhzodk369UevVyRc3rbTpump-109/type=default_90_0?v=1781111746325"", ""walletAddress"": ""4vw54BmAogeRV3vPKWyFet5yf8DTLcREzdSzx4rw9Ud9"", ""walletName"": ""decu""}"
2026-06-11T04:54:59+00:00,okx_web3,4vw54BmAogeRV3vPKWyFet5yf8DTLcREzdSzx4rw9Ud9,BountyCraft,long,,,,,,580.5773686666095,245.66115609795003,"{""pnl"": ""580.5773686666095"", ""roi"": ""245.66115609795003"", ""source"": ""okx_web3_topTokens"", ""tokenAddress"": ""c8V6yDtbmCERcRXm1REPYFiEK7zKeJDhhQ8dUqGmine"", ""tokenSymbol"": ""BountyCraft"", ""tokenUrl"": ""https://web3.okx.com/cdn/web3/currency/token/large/501-c8V6yDtbmCERcRXm1REPYFiEK7zKeJDhhQ8dUqGmine-109/type=default_90_0?v=1780932018583"", ""walletAddress"": ""4vw54BmAogeRV3vPKWyFet5yf8DTLcREzdSzx4rw9Ud9"", ""walletName"": ""decu""}"
2026-06-11T04:54:59+00:00,okx_web3,4vw54BmAogeRV3vPKWyFet5yf8DTLcREzdSzx4rw9Ud9,APU,long,,,,,,568.3866849999908,267.829497218104,"{""pnl"": ""568.3866849999908"", ""roi"": ""267.829497218104"", ""source"": ""okx_web3_topTokens"", ""tokenAddress"": ""24Kko3VWwMKtkB9CVct2ZAZgJzb2R2iNrYxCpTYFpump"", ""tokenSymbol"": ""APU"", ""tokenUrl"": ""https://web3.okx.com/cdn/web3/currency/token/large/501-24Kko3VWwMKtkB9CVct2ZAZgJzb2R2iNrYxCpTYFpump-109/type=default_90_0?v=1780667280924"", ""walletAddress"": ""4vw54BmAogeRV3vPKWyFet5yf8DTLcREzdSzx4rw9Ud9"", ""walletName"": ""decu""}"
2026-06-11T04:54:59+00:00,okx_web3,Eo4R8pBvnCbdvxQdFXMrdQrdy71vkv5mTh8HTD3VrEh1,CARDS,long,,,,,,23754.2547805309,395.3299850333891,"{""pnl"": ""23754.2547805309"", ""roi"": ""395.3299850333891"", ""source"": ""okx_web3_topTokens"", ""tokenAddress"": ""CARDSccUMFKoPRZxt5vt3ksUbxEFEcnZ3H2pd3dKxYjp"", ""tokenSymbol"": ""CARDS"", ""tokenUrl"": ""https://web3.okx.com/cdn/web3/currency/token/large/501-CARDSccUMFKoPRZxt5vt3ksUbxEFEcnZ3H2pd3dKxYjp-107/type=default_90_0?v=1781069177887"", ""walletAddress"": ""Eo4R8pBvnCbdvxQdFXMrdQrdy71vkv5mTh8HTD3VrEh1"", ""walletName"": ""LaserCat397.eth""}"
2026-06-11T04:54:59+00:00,okx_web3,EC8egFiX38xDdR9Q2Xyps6yqnYe6nCLfcDNYUvU7kb1B,KINS,long,,,,,,20705.08905347285,21626.029231785633,"{""pnl"": ""20705.08905347285"", ""roi"": ""21626.029231785633"", ""source"": ""okx_web3_topTokens"", ""tokenAddress"": ""Tqj8yFmagrg7oorpQkVGYR52r96RFTamvWfth9bpump"", ""tokenSymbol"": ""KINS"", ""tokenUrl"": ""https://web3.okx.com/cdn/web3/currency/token/large/501-Tqj8yFmagrg7oorpQkVGYR52r96RFTamvWfth9bpump-109/type=default_90_0?v=1779472621760"", ""walletAddress"": ""EC8egFiX38xDdR9Q2Xyps6yqnYe6nCLfcDNYUvU7kb1B"", ""walletName"": """"}"
2026-06-11T04:54:59+00:00,okx_web3,8FUfYWYWxLNEWgHwT2RbWSTThstaHXXtLDvMuvNRjxMV,Jotchua,long,,,,,,17938.207263969234,1548.1155327453832,"{""pnl"": ""17938.207263969234"", ""roi"": ""1548.1155327453832"", ""source"": ""okx_web3_topTokens"", ""tokenAddress"": ""BcHEaaTCvycPwwsJ9yQTXdHP9X2gCLkznDbZ8VySpump"", ""tokenSymbol"": ""Jotchua"", ""tokenUrl"": ""https://web3.okx.com/cdn/web3/currency/token/large/501-BcHEaaTCvycPwwsJ9yQTXdHP9X2gCLkznDbZ8VySpump-109/type=default_90_0?v=1780808328515"", ""walletAddress"": ""8FUfYWYWxLNEWgHwT2RbWSTThstaHXXtLDvMuvNRjxMV"", ""walletName"": """"}"
2026-06-11T04:54:59+00:00,okx_web3,8FUfYWYWxLNEWgHwT2RbWSTThstaHXXtLDvMuvNRjxMV,Bountywork,long,,,,,,2536.2512184969764,81.19639818433842,"{""pnl"": ""2536.2512184969764"", ""roi"": ""81.19639818433842"", ""source"": ""okx_web3_topTokens"", ""tokenAddress"": ""J4x1EMmQjF6WEzXq2tUtzY89x5aMhYz5CzfevcJEpump"", ""tokenSymbol"": ""Bountywork"", ""tokenUrl"": ""https://web3.okx.com/cdn/web3/currency/token/large/501-J4x1EMmQjF6WEzXq2tUtzY89x5aMhYz5CzfevcJEpump-109/type=default_90_0?v=1780584744862"", ""walletAddress"": ""8FUfYWYWxLNEWgHwT2RbWSTThstaHXXtLDvMuvNRjxMV"", ""walletName"": """"}"
2026-06-11T04:54:59+00:00,okx_web3,8FUfYWYWxLNEWgHwT2RbWSTThstaHXXtLDvMuvNRjxMV,GutGenug,long,,,,,,245.6045598777007,43.39180334519731,"{""pnl"": ""245.6045598777007"", ""roi"": ""43.39180334519731"", ""source"": ""okx_web3_topTokens"", ""tokenAddress"": ""w9Fh8VWmytLKo48AbnDf3vVdzN5SzpG6gFwmxeLpump"", ""tokenSymbol"": ""GutGenug"", ""tokenUrl"": ""https://web3.okx.com/cdn/web3/currency/token/large/501-w9Fh8VWmytLKo48AbnDf3vVdzN5SzpG6gFwmxeLpump-109/type=default_90_0?v=1781042714027"", ""walletAddress"": ""8FUfYWYWxLNEWgHwT2RbWSTThstaHXXtLDvMuvNRjxMV"", ""walletName"": """"}"
2026-06-11T04:54:59+00:00,okx_web3,Bi4rd5FH5bYEN8scZ7wevxNZyNmKHdaBcvewdPFxYdLt,BOUTYWORK,long,,,,,,1349.3234528095463,484.7157052019564,"{""pnl"": ""1349.3234528095463"", ""roi"": ""484.7157052019564"", ""source"": ""okx_web3_topTokens"", ""tokenAddress"": ""3oL99tu2qnxka3HnxY8g1cXNpgBJ5ojoSWWFiDMopump"", ""tokenSymbol"": ""BOUTYWORK"", ""tokenUrl"": ""https://web3.okx.com/cdn/web3/currency/token/large/501-3oL99tu2qnxka3HnxY8g1cXNpgBJ5ojoSWWFiDMopump-109/type=default_90_0?v=1780807393497"", ""walletAddress"": ""Bi4rd5FH5bYEN8scZ7wevxNZyNmKHdaBcvewdPFxYdLt"", ""walletName"": ""theo""}"
2026-06-11T04:54:59+00:00,okx_web3,Bi4rd5FH5bYEN8scZ7wevxNZyNmKHdaBcvewdPFxYdLt,BRUNO,long,,,,,,593.4009329999765,203.53855195045148,"{""pnl"": ""593.4009329999765"", ""roi"": ""203.53855195045148"", ""source"": ""okx_web3_topTokens"", ""tokenAddress"": ""6S4ggCf6REUYe3ob2UL9AX9uRr2iAit3DBMvaGj8pump"", ""tokenSymbol"": ""BRUNO"", ""tokenUrl"": ""https://web3.okx.com/cdn/web3/currency/token/large/501-6S4ggCf6REUYe3ob2UL9AX9uRr2iAit3DBMvaGj8pump-108/type=default_90_0?v=1781047441331"", ""walletAddress"": ""Bi4rd5FH5bYEN8scZ7wevxNZyNmKHdaBcvewdPFxYdLt"", ""walletName"": ""theo""}"
2026-06-11T04:54:59+00:00,okx_web3,Bi4rd5FH5bYEN8scZ7wevxNZyNmKHdaBcvewdPFxYdLt,Scrat,long,,,,,,588.3935915716038,187.66688073173174,"{""pnl"": ""588.3935915716038"", ""roi"": ""187.66688073173174"", ""source"": ""okx_web3_topTokens"", ""tokenAddress"": ""BACvfwFsaQLpNDb9sbE3bXa2yimHcdtFSJ7AF6DEpump"", ""tokenSymbol"": ""Scrat"", ""tokenUrl"": ""https://web3.okx.com/cdn/web3/currency/token/large/501-BACvfwFsaQLpNDb9sbE3bXa2yimHcdtFSJ7AF6DEpump-107/type=default_90_0?v=1781125953466"", ""walletAddress"": ""Bi4rd5FH5bYEN8scZ7wevxNZyNmKHdaBcvewdPFxYdLt"", ""walletName"": ""theo""}"
2026-06-11T04:54:59+00:00,okx_web3,2WM7WkBtBrpgWPQ6ne9X4BjPJhW6YzaGhyvYq5pfiT2i,LOKI,long,,,,,,15222.569721820464,2095.425017624506,"{""pnl"": ""15222.569721820464"", ""roi"": ""2095.425017624506"", ""source"": ""okx_web3_topTokens"", ""tokenAddress"": ""BoaQpzy2d94gunwyVUPpvVPsR6CymahWg6GBqoXZpump"", ""tokenSymbol"": ""LOKI"", ""tokenUrl"": ""https://web3.okx.com/cdn/web3/currency/token/large/501-BoaQpzy2d94gunwyVUPpvVPsR6CymahWg6GBqoXZpump-109/type=default_90_0?v=1780380962112"", ""walletAddress"": ""2WM7WkBtBrpgWPQ6ne9X4BjPJhW6YzaGhyvYq5pfiT2i"", ""walletName"": """"}"
2026-06-11T04:54:59+00:00,okx_web3,2WM7WkBtBrpgWPQ6ne9X4BjPJhW6YzaGhyvYq5pfiT2i,SOLFC,long,,,,,,558.330873480036,824.2439260583552,"{""pnl"": ""558.330873480036"", ""roi"": ""824.2439260583552"", ""source"": ""okx_web3_topTokens"", ""tokenAddress"": ""ET8kG3dbefg7uwqY4d4GGhkwvNmBdvBqf5UcvVERpump"", ""tokenSymbol"": ""SOLFC"", ""tokenUrl"": ""https://web3.okx.com/cdn/web3/currency/token/large/501-ET8kG3dbefg7uwqY4d4GGhkwvNmBdvBqf5UcvVERpump-109/type=default_90_0?v=1781099691837"", ""walletAddress"": ""2WM7WkBtBrpgWPQ6ne9X4BjPJhW6YzaGhyvYq5pfiT2i"", ""walletName"": """"}"
2026-06-11T04:54:59+00:00,okx_web3,JDd3hy3gQn2V982mi1zqhNqUw1GfV2UL6g76STojCJPN,Bountywork,long,,,,,,9818.13919600738,204.54946903662255,"{""pnl"": ""9818.13919600738"", ""roi"": ""204.54946903662255"", ""source"": ""okx_web3_topTokens"", ""tokenAddress"": ""J4x1EMmQjF6WEzXq2tUtzY89x5aMhYz5CzfevcJEpump"", ""tokenSymbol"": ""Bountywork"", ""tokenUrl"": ""https://web3.okx.com/cdn/web3/currency/token/large/501-J4x1EMmQjF6WEzXq2tUtzY89x5aMhYz5CzfevcJEpump-109/type=default_90_0?v=1780584744862"", ""walletAddress"": ""JDd3hy3gQn2V982mi1zqhNqUw1GfV2UL6g76STojCJPN"", ""walletName"": ""West""}"
2026-06-11T04:54:59+00:00,okx_web3,JDd3hy3gQn2V982mi1zqhNqUw1GfV2UL6g76STojCJPN,1B,long,,,,,,4303.201498443766,426.10740888194016,"{""pnl"": ""4303.201498443766"", ""roi"": ""426.10740888194016"", ""source"": ""okx_web3_topTokens"", ""tokenAddress"": ""2Mcwccy7Ckf6C2BUfwG9Z6kcYp8Mj5tKFBHEEoYCpump"", ""tokenSymbol"": ""1B"", ""tokenUrl"": ""https://web3.okx.com/cdn/web3/currency/token/large/501-2Mcwccy7Ckf6C2BUfwG9Z6kcYp8Mj5tKFBHEEoYCpump-109/type=default_90_0?v=1781145106954"", ""walletAddress"": ""JDd3hy3gQn2V982mi1zqhNqUw1GfV2UL6g76STojCJPN"", ""walletName"": ""West""}"
2026-06-11T04:54:59+00:00,okx_web3,JDd3hy3gQn2V982mi1zqhNqUw1GfV2UL6g76STojCJPN,WORTHLESS,long,,,,,,397.13973500002146,44.90538369188786,"{""pnl"": ""397.13973500002146"", ""roi"": ""44.90538369188786"", ""source"": ""okx_web3_topTokens"", ""tokenAddress"": ""Drv7SrSQJUcAN6WcXYrFM4EZDkzP4AjhSJv1AZGxpump"", ""tokenSymbol"": ""WORTHLESS"", ""tokenUrl"": ""https://web3.okx.com/cdn/web3/currency/token/large/501-Drv7SrSQJUcAN6WcXYrFM4EZDkzP4AjhSJv1AZGxpump-109/type=default_90_0?v=1781076978702"", ""walletAddress"": ""JDd3hy3gQn2V982mi1zqhNqUw1GfV2UL6g76STojCJPN"", ""walletName"": ""West""}"
2026-06-11T04:54:59+00:00,okx_web3,7HbTte3VF7ThD44rXdZK16iv3snMCxUCkbAD7PVDGv9c,WORLDCUP,long,,,,,,14228.081574554102,286.6712743479583,"{""pnl"": ""14228.081574554102"", ""roi"": ""286.6712743479583"", ""source"": ""okx_web3_topTokens"", ""tokenAddress"": ""33eum82LaAhtv5YkUq1BdwEviSErH5CnFxqVNLT5pump"", ""tokenSymbol"": ""WORLDCUP"", ""tokenUrl"": ""https://web3.okx.com/cdn/web3/currency/token/large/501-33eum82LaAhtv5YkUq1BdwEviSErH5CnFxqVNLT5pump-109/type=default_90_0?v=1778532550158"", ""walletAddress"": ""7HbTte3VF7ThD44rXdZK16iv3snMCxUCkbAD7PVDGv9c"", ""walletName"": """"}"
2026-06-11T04:54:59+00:00,okx_web3,4JDFkybq1s7L2ogu7heTPDhRJxmXGu4yKQgpGBNbGcJ5,SV151,long,,,,,,14342.40831,425.24036937813923,"{""pnl"": ""14342.40831"", ""roi"": ""425.24036937813923"", ""source"": ""okx_web3_topTokens"", ""tokenAddress"": ""SV151D5pjygAKA8aJJcKzm4wFnRX5G92Fye94jQJk7g"", ""tokenSymbol"": ""SV151"", ""tokenUrl"": ""https://web3.okx.com/cdn/web3/currency/token/large/501-SV151D5pjygAKA8aJJcKzm4wFnRX5G92Fye94jQJk7g-109/type=default_90_0?v=1780585403425"", ""walletAddress"": ""4JDFkybq1s7L2ogu7heTPDhRJxmXGu4yKQgpGBNbGcJ5"", ""walletName"": """"}"
2026-06-11T04:54:59+00:00,okx_web3,4JDFkybq1s7L2ogu7heTPDhRJxmXGu4yKQgpGBNbGcJ5,ACAT,long,,,,,,68.25718399999842,36.7281273149053,"{""pnl"": ""68.25718399999842"", ""roi"": ""36.7281273149053"", ""source"": ""okx_web3_topTokens"", ""tokenAddress"": ""BuzVgHAMDvNNz4zNvxcXN4EiTXzij1e7AjCzfmzVpump"", ""tokenSymbol"": ""ACAT"", ""tokenUrl"": ""https://web3.okx.com/cdn/web3/currency/token/large/501-BuzVgHAMDvNNz4zNvxcXN4EiTXzij1e7AjCzfmzVpump-109/type=default_90_0?v=1781131516494"", ""walletAddress"": ""4JDFkybq1s7L2ogu7heTPDhRJxmXGu4yKQgpGBNbGcJ5"", ""walletName"": """"}"
2026-06-11T04:54:59+00:00,okx_web3,4JDFkybq1s7L2ogu7heTPDhRJxmXGu4yKQgpGBNbGcJ5,FIGURINE,long,,,,,,18.809766092370296,7.576983178389773,"{""pnl"": ""18.809766092370296"", ""roi"": ""7.576983178389773"", ""source"": ""okx_web3_topTokens"", ""tokenAddress"": ""BXkxVcDj5fhMoDc6KhgwBRG3vPFF29p9EbxX5HSMpump"", ""tokenSymbol"": ""FIGURINE"", ""tokenUrl"": ""https://web3.okx.com/cdn/web3/currency/token/large/501-BXkxVcDj5fhMoDc6KhgwBRG3vPFF29p9EbxX5HSMpump-109/type=default_90_0?v=1781133740000"", ""walletAddress"": ""4JDFkybq1s7L2ogu7heTPDhRJxmXGu4yKQgpGBNbGcJ5"", ""walletName"": """"}"
2026-06-11T04:54:59+00:00,okx_web3,ardinRsN1mNYVeoJWTBsWeYeXvuR9UUDGMsCDKpb6AT,Bear,long,,,,,,751.7405127592449,303.0901921898058,"{""pnl"": ""751.7405127592449"", ""roi"": ""303.0901921898058"", ""source"": ""okx_web3_topTokens"", ""tokenAddress"": ""E9UBCCStMo3JyzfLbVxpbZ2JpQmJ1f5sPQhNBbtnpump"", ""tokenSymbol"": ""Bear"", ""tokenUrl"": ""https://web3.okx.com/cdn/web3/currency/token/large/501-E9UBCCStMo3JyzfLbVxpbZ2JpQmJ1f5sPQhNBbtnpump-109/type=default_90_0?v=1780730026726"", ""walletAddress"": ""ardinRsN1mNYVeoJWTBsWeYeXvuR9UUDGMsCDKpb6AT"", ""walletName"": ""trunoest""}"
2026-06-11T04:54:59+00:00,okx_web3,ardinRsN1mNYVeoJWTBsWeYeXvuR9UUDGMsCDKpb6AT,Garrett,long,,,,,,666.5560991621019,93.84619440633492,"{""pnl"": ""666.5560991621019"", ""roi"": ""93.84619440633492"", ""source"": ""okx_web3_topTokens"", ""tokenAddress"": ""392ZTvYfqAjmSqtuZ9qtNBTd5CVMB7ciY3tZFk6spump"", ""tokenSymbol"": ""Garrett"", ""tokenUrl"": ""https://web3.okx.com/cdn/web3/currency/token/large/501-392ZTvYfqAjmSqtuZ9qtNBTd5CVMB7ciY3tZFk6spump-109/type=default_90_0?v=1780651384313"", ""walletAddress"": ""ardinRsN1mNYVeoJWTBsWeYeXvuR9UUDGMsCDKpb6AT"", ""walletName"": ""trunoest""}"
2026-06-11T04:54:59+00:00,okx_web3,ardinRsN1mNYVeoJWTBsWeYeXvuR9UUDGMsCDKpb6AT,POKELIQUID,long,,,,,,497.66874914071434,346.32733936246024,"{""pnl"": ""497.66874914071434"", ""roi"": ""346.32733936246024"", ""source"": ""okx_web3_topTokens"", ""tokenAddress"": ""4c5LK64544TyniKzErqsEfGzfC7P5ygY9x3JqDKEpump"", ""tokenSymbol"": ""POKELIQUID"", ""tokenUrl"": ""https://web3.okx.com/cdn/web3/currency/token/large/501-4c5LK64544TyniKzErqsEfGzfC7P5ygY9x3JqDKEpump-109/type=default_90_0?v=1780817626004"", ""walletAddress"": ""ardinRsN1mNYVeoJWTBsWeYeXvuR9UUDGMsCDKpb6AT"", ""walletName"": ""trunoest""}"
2026-06-11T04:54:59+00:00,okx_web3,5BxootbxVKu7uYLRRusSD7GR5srM3iHFfBE6rr5eRXb4,HUNTER,long,,,,,,4438.330951539691,127.33690938512237,"{""pnl"": ""4438.330951539691"", ""roi"": ""127.33690938512237"", ""source"": ""okx_web3_topTokens"", ""tokenAddress"": ""9zwhS3b1oYuUEqWNpu2SPkEH24JMVWFEVQvHuYXZpump"", ""tokenSymbol"": ""HUNTER"", ""tokenUrl"": ""https://web3.okx.com/cdn/web3/currency/token/large/501-9zwhS3b1oYuUEqWNpu2SPkEH24JMVWFEVQvHuYXZpump-109/type=default_90_0?v=1780392025038"", ""walletAddress"": ""5BxootbxVKu7uYLRRusSD7GR5srM3iHFfBE6rr5eRXb4"", ""walletName"": """"}"
2026-06-11T04:54:59+00:00,okx_web3,5BxootbxVKu7uYLRRusSD7GR5srM3iHFfBE6rr5eRXb4,KINS,long,,,,,,2315.651565056868,104.50136426590122,"{""pnl"": ""2315.651565056868"", ""roi"": ""104.50136426590122"", ""source"": ""okx_web3_topTokens"", ""tokenAddress"": ""Tqj8yFmagrg7oorpQkVGYR52r96RFTamvWfth9bpump"", ""tokenSymbol"": ""KINS"", ""tokenUrl"": ""https://web3.okx.com/cdn/web3/currency/token/large/501-Tqj8yFmagrg7oorpQkVGYR52r96RFTamvWfth9bpump-109/type=default_90_0?v=1779472621760"", ""walletAddress"": ""5BxootbxVKu7uYLRRusSD7GR5srM3iHFfBE6rr5eRXb4"", ""walletName"": """"}"
2026-06-11T04:54:59+00:00,okx_web3,5BxootbxVKu7uYLRRusSD7GR5srM3iHFfBE6rr5eRXb4,Bountywork,long,,,,,,1969.3303223178675,36.043120511163025,"{""pnl"": ""1969.3303223178675"", ""roi"": ""36.043120511163025"", ""source"": ""okx_web3_topTokens"", ""tokenAddress"": ""J4x1EMmQjF6WEzXq2tUtzY89x5aMhYz5CzfevcJEpump"", ""tokenSymbol"": ""Bountywork"", ""tokenUrl"": ""https://web3.okx.com/cdn/web3/currency/token/large/501-J4x1EMmQjF6WEzXq2tUtzY89x5aMhYz5CzfevcJEpump-109/type=default_90_0?v=1780584744862"", ""walletAddress"": ""5BxootbxVKu7uYLRRusSD7GR5srM3iHFfBE6rr5eRXb4"", ""walletName"": """"}"
2026-06-11T04:54:59+00:00,okx_web3,aNBvPdB3AfFfqDStvMJthJXrtez3stqRpGqscbHNubB,HUNTER,long,,,,,,10663.9943086344,238.00700827948145,"{""pnl"": ""10663.9943086344"", ""roi"": ""238.00700827948145"", ""source"": ""okx_web3_topTokens"", ""tokenAddress"": ""9zwhS3b1oYuUEqWNpu2SPkEH24JMVWFEVQvHuYXZpump"", ""tokenSymbol"": ""HUNTER"", ""tokenUrl"": ""https://web3.okx.com/cdn/web3/currency/token/large/501-9zwhS3b1oYuUEqWNpu2SPkEH24JMVWFEVQvHuYXZpump-109/type=default_90_0?v=1780392025038"", ""walletAddress"": ""aNBvPdB3AfFfqDStvMJthJXrtez3stqRpGqscbHNubB"", ""walletName"": """"}"
2026-06-11T04:54:59+00:00,okx_web3,aNBvPdB3AfFfqDStvMJthJXrtez3stqRpGqscbHNubB,DUCK,long,,,,,,5371.840350999997,519.0108038140341,"{""pnl"": ""5371.840350999997"", ""roi"": ""519.0108038140341"", ""source"": ""okx_web3_topTokens"", ""tokenAddress"": ""236ziZWiNPWeNk8aNB7abJpv4A6vHNP2XpxHH9VUpump"", ""tokenSymbol"": ""DUCK"", ""tokenUrl"": ""https://web3.okx.com/cdn/web3/currency/token/large/501-236ziZWiNPWeNk8aNB7abJpv4A6vHNP2XpxHH9VUpump-109/type=default_90_0?v=1780672317820"", ""walletAddress"": ""aNBvPdB3AfFfqDStvMJthJXrtez3stqRpGqscbHNubB"", ""walletName"": """"}"
2026-06-11T04:54:59+00:00,okx_web3,aNBvPdB3AfFfqDStvMJthJXrtez3stqRpGqscbHNubB,$tupid,long,,,,,,3176.791105242646,203.0889818635486,"{""pnl"": ""3176.791105242646"", ""roi"": ""203.0889818635486"", ""source"": ""okx_web3_topTokens"", ""tokenAddress"": ""3G8zFxHAnuWXiiC9MobE9EUUqV6m6MjL51YnN6tGpump"", ""tokenSymbol"": ""$tupid"", ""tokenUrl"": ""https://web3.okx.com/cdn/web3/currency/token/large/501-3G8zFxHAnuWXiiC9MobE9EUUqV6m6MjL51YnN6tGpump-109/type=default_90_0?v=1780687774013"", ""walletAddress"": ""aNBvPdB3AfFfqDStvMJthJXrtez3stqRpGqscbHNubB"", ""walletName"": """"}"
2026-06-11T04:54:59+00:00,okx_web3,78N177fzNJpp8pG49xDv1efYcTMSzo9tPTKEA9mAVkh2,MABEL,long,,,,,,756.5668664603162,394.16842057960616,"{""pnl"": ""756.5668664603162"", ""roi"": ""394.16842057960616"", ""source"": ""okx_web3_topTokens"", ""tokenAddress"": ""H3ucU3e51h8L21cN1jSXkwmMmYX37rWv97h3K8x4pump"", ""tokenSymbol"": ""MABEL"", ""tokenUrl"": ""https://web3.okx.com/cdn/web3/currency/token/large/501-H3ucU3e51h8L21cN1jSXkwmMmYX37rWv97h3K8x4pump-107/type=default_90_0?v=1780836093115"", ""walletAddress"": ""78N177fzNJpp8pG49xDv1efYcTMSzo9tPTKEA9mAVkh2"", ""walletName"": ""Sheep""}"
2026-06-11T04:54:59+00:00,okx_web3,78N177fzNJpp8pG49xDv1efYcTMSzo9tPTKEA9mAVkh2,Company,long,,,,,,621.6958793953845,225.2421558490127,"{""pnl"": ""621.6958793953845"", ""roi"": ""225.2421558490127"", ""source"": ""okx_web3_topTokens"", ""tokenAddress"": ""2T2SvEYjEqTfLKS2Y2wP3qYyuBFFE2SF1oys9XJZpump"", ""tokenSymbol"": ""Company"", ""tokenUrl"": ""https://web3.okx.com/cdn/web3/currency/token/large/501-2T2SvEYjEqTfLKS2Y2wP3qYyuBFFE2SF1oys9XJZpump-107/type=default_90_0?v=1780759000830"", ""walletAddress"": ""78N177fzNJpp8pG49xDv1efYcTMSzo9tPTKEA9mAVkh2"", ""walletName"": ""Sheep""}"
2026-06-11T04:54:59+00:00,okx_web3,78N177fzNJpp8pG49xDv1efYcTMSzo9tPTKEA9mAVkh2,ATTENTION,long,,,,,,570.1336067573761,287.9462660390309,"{""pnl"": ""570.1336067573761"", ""roi"": ""287.9462660390309"", ""source"": ""okx_web3_topTokens"", ""tokenAddress"": ""DN9diRiJAb4bkTLKyPGGchdhUmQvGzMzdZLztBsZpump"", ""tokenSymbol"": ""ATTENTION"", ""tokenUrl"": ""https://web3.okx.com/cdn/web3/currency/token/large/501-DN9diRiJAb4bkTLKyPGGchdhUmQvGzMzdZLztBsZpump-109/type=default_90_0?v=1780916890240"", ""walletAddress"": ""78N177fzNJpp8pG49xDv1efYcTMSzo9tPTKEA9mAVkh2"", ""walletName"": ""Sheep""}"
2026-06-11T04:55:01+00:00,okx_web3,3CkgBB2ryzxQuSmzPSQ53jtVffPf1Wb1t1HBVs8GmGfw,KINS,long,,,,,,60467.398528192854,709.4134867809566,"{""pnl"": ""60467.398528192854"", ""roi"": ""709.4134867809566"", ""source"": ""okx_web3_topTokens"", ""tokenAddress"": ""Tqj8yFmagrg7oorpQkVGYR52r96RFTamvWfth9bpump"", ""tokenSymbol"": ""KINS"", ""tokenUrl"": ""https://web3.okx.com/cdn/web3/currency/token/large/501-Tqj8yFmagrg7oorpQkVGYR52r96RFTamvWfth9bpump-109/type=default_90_0?v=1779472621760"", ""walletAddress"": ""3CkgBB2ryzxQuSmzPSQ53jtVffPf1Wb1t1HBVs8GmGfw"", ""walletName"": """"}"
2026-06-11T04:55:01+00:00,okx_web3,3CkgBB2ryzxQuSmzPSQ53jtVffPf1Wb1t1HBVs8GmGfw,Magpie,long,,,,,,5646.07211753556,108.52131604448118,"{""pnl"": ""5646.07211753556"", ""roi"": ""108.52131604448118"", ""source"": ""okx_web3_topTokens"", ""tokenAddress"": ""9UuLsJ3jf8ViBNeRcwXD53re5G3ypgfKK3s2EiMMpump"", ""tokenSymbol"": ""Magpie"", ""tokenUrl"": ""https://web3.okx.com/cdn/web3/currency/token/large/501-9UuLsJ3jf8ViBNeRcwXD53re5G3ypgfKK3s2EiMMpump-109/type=default_90_0?v=1780371544831"", ""walletAddress"": ""3CkgBB2ryzxQuSmzPSQ53jtVffPf1Wb1t1HBVs8GmGfw"", ""walletName"": """"}"
2026-06-11T04:55:01+00:00,okx_web3,3CkgBB2ryzxQuSmzPSQ53jtVffPf1Wb1t1HBVs8GmGfw,FIN,long,,,,,,1748.1386545766775,171.97769651677194,"{""pnl"": ""1748.1386545766775"", ""roi"": ""171.97769651677194"", ""source"": ""okx_web3_topTokens"", ""tokenAddress"": ""87UGfmKKFjvWRCpFRgpKtRdrj1gVwkqebdxLnAAPpump"", ""tokenSymbol"": ""FIN"", ""tokenUrl"": ""https://web3.okx.com/cdn/web3/currency/token/large/501-87UGfmKKFjvWRCpFRgpKtRdrj1gVwkqebdxLnAAPpump-109/type=default_90_0?v=1780897072182"", ""walletAddress"": ""3CkgBB2ryzxQuSmzPSQ53jtVffPf1Wb1t1HBVs8GmGfw"", ""walletName"": """"}"
2026-06-11T04:55:01+00:00,okx_web3,3LUfv2u5yzsDtUzPdsSJ7ygPBuqwfycMkjpNreRR2Yww,Nietzschean,long,,,,,,5998.942391263602,570.4794496522114,"{""pnl"": ""5998.942391263602"", ""roi"": ""570.4794496522114"", ""source"": ""okx_web3_topTokens"", ""tokenAddress"": ""6hKCkzYNeiAaNBaCKx1mQvHpBpDy3TCS9BDexnoVpump"", ""tokenSymbol"": ""Nietzschean "", ""tokenUrl"": ""https://web3.okx.com/cdn/web3/currency/token/large/501-6hKCkzYNeiAaNBaCKx1mQvHpBpDy3TCS9BDexnoVpump-107/type=default_90_0?v=1780923346175"", ""walletAddress"": ""3LUfv2u5yzsDtUzPdsSJ7ygPBuqwfycMkjpNreRR2Yww"", ""walletName"": ""Domy""}"
2026-06-11T04:55:01+00:00,okx_web3,3LUfv2u5yzsDtUzPdsSJ7ygPBuqwfycMkjpNreRR2Yww,drillpigius,long,,,,,,4580.319752350505,314.3025560553722,"{""pnl"": ""4580.319752350505"", ""roi"": ""314.3025560553722"", ""source"": ""okx_web3_topTokens"", ""tokenAddress"": ""5CqzoJpLM3PqchnsKF23kremvSJ1vqBuY5YzBPDtpump"", ""tokenSymbol"": ""drillpigius"", ""tokenUrl"": ""https://web3.okx.com/cdn/web3/currency/token/large/501-5CqzoJpLM3PqchnsKF23kremvSJ1vqBuY5YzBPDtpump-107/type=default_90_0?v=1781007134969"", ""walletAddress"": ""3LUfv2u5yzsDtUzPdsSJ7ygPBuqwfycMkjpNreRR2Yww"", ""walletName"": ""Domy""}"
2026-06-11T04:55:01+00:00,okx_web3,3LUfv2u5yzsDtUzPdsSJ7ygPBuqwfycMkjpNreRR2Yww,Tung,long,,,,,,3727.7659895975307,323.8498648964709,"{""pnl"": ""3727.7659895975307"", ""roi"": ""323.8498648964709"", ""source"": ""okx_web3_topTokens"", ""tokenAddress"": ""22dJJzRF79AYhgddLD7iqqwg7ghNgbZqnx8jcbtMpump"", ""tokenSymbol"": ""Tung"", ""tokenUrl"": ""https://web3.okx.com/cdn/web3/currency/token/large/501-22dJJzRF79AYhgddLD7iqqwg7ghNgbZqnx8jcbtMpump-107/type=default_90_0?v=1781029146473"", ""walletAddress"": ""3LUfv2u5yzsDtUzPdsSJ7ygPBuqwfycMkjpNreRR2Yww"", ""walletName"": ""Domy""}"
2026-06-11T04:55:01+00:00,okx_web3,AcoNeFQsTPYs7ZrH8RMWaxxGJTTQJJ4H5aTXmptaz5UK,Jotchua,long,,,,,,44608.96609142442,7571.764727746861,"{""pnl"": ""44608.96609142442"", ""roi"": ""7571.764727746861"", ""source"": ""okx_web3_topTokens"", ""tokenAddress"": ""BcHEaaTCvycPwwsJ9yQTXdHP9X2gCLkznDbZ8VySpump"", ""tokenSymbol"": ""Jotchua"", ""tokenUrl"": ""https://web3.okx.com/cdn/web3/currency/token/large/501-BcHEaaTCvycPwwsJ9yQTXdHP9X2gCLkznDbZ8VySpump-109/type=default_90_0?v=1780808328515"", ""walletAddress"": ""AcoNeFQsTPYs7ZrH8RMWaxxGJTTQJJ4H5aTXmptaz5UK"", ""walletName"": ""I̶l̷y̶""}"
2026-06-11T04:55:01+00:00,okx_web3,AcoNeFQsTPYs7ZrH8RMWaxxGJTTQJJ4H5aTXmptaz5UK,ELON,long,,,,,,3065.6849380000012,345.8652426715713,"{""pnl"": ""3065.6849380000012"", ""roi"": ""345.8652426715713"", ""source"": ""okx_web3_topTokens"", ""tokenAddress"": ""8fiegpuKk3YqtSERRvrheDU5ryTZeZzGynkRfK5zpump"", ""tokenSymbol"": ""ELON"", ""tokenUrl"": ""https://web3.okx.com/cdn/web3/currency/token/large/501-8fiegpuKk3YqtSERRvrheDU5ryTZeZzGynkRfK5zpump-109/type=default_90_0?v=1781110753390"", ""walletAddress"": ""AcoNeFQsTPYs7ZrH8RMWaxxGJTTQJJ4H5aTXmptaz5UK"", ""walletName"": ""I̶l̷y̶""}"
2026-06-11T04:55:01+00:00,okx_web3,AcoNeFQsTPYs7ZrH8RMWaxxGJTTQJJ4H5aTXmptaz5UK,wCAT,long,,,,,,488.98113399999767,100.49942041248158,"{""pnl"": ""488.98113399999767"", ""roi"": ""100.49942041248158"", ""source"": ""okx_web3_topTokens"", ""tokenAddress"": ""DqUjBBbtnJutmLRNY2ZM8NzypJuMC3axeZQmxj3Mpump"", ""tokenSymbol"": ""wCAT"", ""tokenUrl"": ""https://web3.okx.com/cdn/web3/currency/token/large/501-DqUjBBbtnJutmLRNY2ZM8NzypJuMC3axeZQmxj3Mpump-109/type=default_90_0?v=1780766494071"", ""walletAddress"": ""AcoNeFQsTPYs7ZrH8RMWaxxGJTTQJJ4H5aTXmptaz5UK"", ""walletName"": ""I̶l̷y̶""}"
2026-06-11T04:55:01+00:00,okx_web3,3mWG7DbH9BrQjX1j15xhK74n4HhUNwmxNZQv4AEXkn8e,SLAB,long,,,,,,42400.01548935434,9891.06200325505,"{""pnl"": ""42400.01548935434"", ""roi"": ""9891.06200325505"", ""source"": ""okx_web3_topTokens"", ""tokenAddress"": ""6RXiM7kFbVhqNnS12m8gUjNrvzUdL9kRTsYGJWHEFQTc"", ""tokenSymbol"": ""SLAB"", ""tokenUrl"": ""https://web3.okx.com/cdn/web3/currency/token/large/501-6RXiM7kFbVhqNnS12m8gUjNrvzUdL9kRTsYGJWHEFQTc-109/type=default_90_0?v=1780658195163"", ""walletAddress"": ""3mWG7DbH9BrQjX1j15xhK74n4HhUNwmxNZQv4AEXkn8e"", ""walletName"": """"}"
2026-06-11T04:55:01+00:00,okx_web3,3mWG7DbH9BrQjX1j15xhK74n4HhUNwmxNZQv4AEXkn8e,DYLAN,long,,,,,,70.85627005358361,46.714997499017116,"{""pnl"": ""70.85627005358361"", ""roi"": ""46.714997499017116"", ""source"": ""okx_web3_topTokens"", ""tokenAddress"": ""GPNvpuDT3J1bTpU9neXUrsCqL6RgRindGE6MJweFpump"", ""tokenSymbol"": ""DYLAN"", ""tokenUrl"": ""https://web3.okx.com/cdn/web3/currency/token/large/501-GPNvpuDT3J1bTpU9neXUrsCqL6RgRindGE6MJweFpump-108/type=default_90_0?v=1780746454495"", ""walletAddress"": ""3mWG7DbH9BrQjX1j15xhK74n4HhUNwmxNZQv4AEXkn8e"", ""walletName"": """"}"
2026-06-11T04:55:01+00:00,okx_web3,3mWG7DbH9BrQjX1j15xhK74n4HhUNwmxNZQv4AEXkn8e,Troy,long,,,,,,34.99616506766209,15.054304312841877,"{""pnl"": ""34.99616506766209"", ""roi"": ""15.054304312841877"", ""source"": ""okx_web3_topTokens"", ""tokenAddress"": ""7MQbhKdgRddD5VXTyFbQntCHMTQwRbAUnDn5LqoYjw7B"", ""tokenSymbol"": ""Troy"", ""tokenUrl"": ""https://web3.okx.com/cdn/web3/currency/token/large/501-7MQbhKdgRddD5VXTyFbQntCHMTQwRbAUnDn5LqoYjw7B-107/type=default_90_0?v=1780534458746"", ""walletAddress"": ""3mWG7DbH9BrQjX1j15xhK74n4HhUNwmxNZQv4AEXkn8e"", ""walletName"": """"}"
2026-06-11T04:55:01+00:00,okx_web3,5ZuV8eqkvzYFVEKbLvGBdexL2tFv7E5BCd2HZpjqbdg,GRIND,long,,,,,,3064.7277286990397,429.8511525246215,"{""pnl"": ""3064.7277286990397"", ""roi"": ""429.8511525246215"", ""source"": ""okx_web3_topTokens"", ""tokenAddress"": ""2E4MBM3zQ3e7uRgrndYgJpjWqcJ8ReB4vuHURjwGpump"", ""tokenSymbol"": ""GRIND"", ""tokenUrl"": ""https://web3.okx.com/cdn/web3/currency/token/large/501-2E4MBM3zQ3e7uRgrndYgJpjWqcJ8ReB4vuHURjwGpump-109/type=default_90_0?v=1780877002089"", ""walletAddress"": ""5ZuV8eqkvzYFVEKbLvGBdexL2tFv7E5BCd2HZpjqbdg"", ""walletName"": ""Doji""}"
2026-06-11T04:55:01+00:00,okx_web3,5ZuV8eqkvzYFVEKbLvGBdexL2tFv7E5BCd2HZpjqbdg,Mindanao,long,,,,,,2740.8121460130956,452.03888694658826,"{""pnl"": ""2740.8121460130956"", ""roi"": ""452.03888694658826"", ""source"": ""okx_web3_topTokens"", ""tokenAddress"": ""9TJzt53bUa96wZQquMGAquSvAoJjFH5SUvcG2RYopump"", ""tokenSymbol"": ""Mindanao"", ""tokenUrl"": ""https://web3.okx.com/cdn/web3/currency/token/large/501-9TJzt53bUa96wZQquMGAquSvAoJjFH5SUvcG2RYopump-107/type=default_90_0?v=1781126317569"", ""walletAddress"": ""5ZuV8eqkvzYFVEKbLvGBdexL2tFv7E5BCd2HZpjqbdg"", ""walletName"": ""Doji""}"
2026-06-11T04:55:01+00:00,okx_web3,5ZuV8eqkvzYFVEKbLvGBdexL2tFv7E5BCd2HZpjqbdg,Memetic,long,,,,,,2393.686538249344,136.15926136011205,"{""pnl"": ""2393.686538249344"", ""roi"": ""136.15926136011205"", ""source"": ""okx_web3_topTokens"", ""tokenAddress"": ""Ft6MkibVEFQipCzNp7EoC8G8M8ai5YddFSLEFeSwpump"", ""tokenSymbol"": ""Memetic"", ""tokenUrl"": ""https://web3.okx.com/cdn/web3/currency/token/large/501-Ft6MkibVEFQipCzNp7EoC8G8M8ai5YddFSLEFeSwpump-109/type=default_90_0?v=1780952289631"", ""walletAddress"": ""5ZuV8eqkvzYFVEKbLvGBdexL2tFv7E5BCd2HZpjqbdg"", ""walletName"": ""Doji""}"
2026-06-11T04:55:01+00:00,okx_web3,338PNcRSzaJksX1ZbfhcSid24LyijfRKTDx4QzQNmgY6,SLAB,long,,,,,,33263.87693001264,2551.9699533282346,"{""pnl"": ""33263.87693001264"", ""roi"": ""2551.9699533282346"", ""source"": ""okx_web3_topTokens"", ""tokenAddress"": ""6RXiM7kFbVhqNnS12m8gUjNrvzUdL9kRTsYGJWHEFQTc"", ""tokenSymbol"": ""SLAB"", ""tokenUrl"": ""https://web3.okx.com/cdn/web3/currency/token/large/501-6RXiM7kFbVhqNnS12m8gUjNrvzUdL9kRTsYGJWHEFQTc-109/type=default_90_0?v=1780658195163"", ""walletAddress"": ""338PNcRSzaJksX1ZbfhcSid24LyijfRKTDx4QzQNmgY6"", ""walletName"": """"}"
2026-06-11T04:55:01+00:00,okx_web3,338PNcRSzaJksX1ZbfhcSid24LyijfRKTDx4QzQNmgY6,scooby,long,,,,,,1002.8097126943263,763.5787837129918,"{""pnl"": ""1002.8097126943263"", ""roi"": ""763.5787837129918"", ""source"": ""okx_web3_topTokens"", ""tokenAddress"": ""3Ln2EH9txLwMjLP4NEcLuEfGEbwb1pKjUyiMfKYDpump"", ""tokenSymbol"": ""scooby"", ""tokenUrl"": ""https://web3.okx.com/cdn/web3/currency/token/large/501-3Ln2EH9txLwMjLP4NEcLuEfGEbwb1pKjUyiMfKYDpump-109/type=default_90_0?v=1780985379684"", ""walletAddress"": ""338PNcRSzaJksX1ZbfhcSid24LyijfRKTDx4QzQNmgY6"", ""walletName"": """"}"
2026-06-11T04:55:01+00:00,okx_web3,338PNcRSzaJksX1ZbfhcSid24LyijfRKTDx4QzQNmgY6,GenZ,long,,,,,,351.1812601470284,215.05606829718477,"{""pnl"": ""351.1812601470284"", ""roi"": ""215.05606829718477"", ""source"": ""okx_web3_topTokens"", ""tokenAddress"": ""6C9dWzBw929Y4SjYv38PMBTQJneHVzNsZNRWJ8A6pump"", ""tokenSymbol"": ""GenZ"", ""tokenUrl"": ""https://web3.okx.com/cdn/web3/currency/token/large/501-6C9dWzBw929Y4SjYv38PMBTQJneHVzNsZNRWJ8A6pump-109/type=default_90_0?v=1781109039935"", ""walletAddress"": ""338PNcRSzaJksX1ZbfhcSid24LyijfRKTDx4QzQNmgY6"", ""walletName"": """"}"
2026-06-11T04:55:01+00:00,okx_web3,AuPp4YTMTyqxYXQnHc5KUc6pUuCSsHQpBJhgnD45yqrf,SV151,long,,,,,,23989.79116404245,599.7447791010612,"{""pnl"": ""23989.79116404245"", ""roi"": ""599.7447791010612"", ""source"": ""okx_web3_topTokens"", ""tokenAddress"": ""SV151D5pjygAKA8aJJcKzm4wFnRX5G92Fye94jQJk7g"", ""tokenSymbol"": ""SV151"", ""tokenUrl"": ""https://web3.okx.com/cdn/web3/currency/token/large/501-SV151D5pjygAKA8aJJcKzm4wFnRX5G92Fye94jQJk7g-109/type=default_90_0?v=1780585403425"", ""walletAddress"": ""AuPp4YTMTyqxYXQnHc5KUc6pUuCSsHQpBJhgnD45yqrf"", ""walletName"": ""Dani""}"
2026-06-11T04:55:01+00:00,okx_web3,AuPp4YTMTyqxYXQnHc5KUc6pUuCSsHQpBJhgnD45yqrf,drooling,long,,,,,,6789.5130271676435,344.3576270676465,"{""pnl"": ""6789.5130271676435"", ""roi"": ""344.3576270676465"", ""source"": ""okx_web3_topTokens"", ""tokenAddress"": ""B6f27ETGcjgGNB1fqULJbXVmw9FnL8HgBp7R83hmpump"", ""tokenSymbol"": ""drooling"", ""tokenUrl"": ""https://web3.okx.com/cdn/web3/currency/token/large/501-B6f27ETGcjgGNB1fqULJbXVmw9FnL8HgBp7R83hmpump-109/type=default_90_0?v=1780040841690"", ""walletAddress"": ""AuPp4YTMTyqxYXQnHc5KUc6pUuCSsHQpBJhgnD45yqrf"", ""walletName"": ""Dani""}"
2026-06-11T04:55:01+00:00,okx_web3,AuPp4YTMTyqxYXQnHc5KUc6pUuCSsHQpBJhgnD45yqrf,LIFE,long,,,,,,3315.6724315987244,197.59218225219567,"{""pnl"": ""3315.6724315987244"", ""roi"": ""197.59218225219567"", ""source"": ""okx_web3_topTokens"", ""tokenAddress"": ""J8cXU1EFi1SCTJ9XYpBnjqQ7nVLETNLFaRaHCP3RLiFE"", ""tokenSymbol"": ""LIFE"", ""tokenUrl"": ""https://web3.okx.com/cdn/web3/currency/token/large/501-J8cXU1EFi1SCTJ9XYpBnjqQ7nVLETNLFaRaHCP3RLiFE-109/type=default_90_0?v=1780877002335"", ""walletAddress"": ""AuPp4YTMTyqxYXQnHc5KUc6pUuCSsHQpBJhgnD45yqrf"", ""walletName"": ""Dani""}"
2026-06-11T04:55:01+00:00,okx_web3,4vw54BmAogeRV3vPKWyFet5yf8DTLcREzdSzx4rw9Ud9,Popcat,long,,,,,,697.7830649999864,239.46907963551558,"{""pnl"": ""697.7830649999864"", ""roi"": ""239.46907963551558"", ""source"": ""okx_web3_topTokens"", ""tokenAddress"": ""Gomc3mcFoGpr482p6tTrLhzodk369UevVyRc3rbTpump"", ""tokenSymbol"": ""Popcat"", ""tokenUrl"": ""https://web3.okx.com/cdn/web3/currency/token/large/501-Gomc3mcFoGpr482p6tTrLhzodk369UevVyRc3rbTpump-109/type=default_90_0?v=1781111746325"", ""walletAddress"": ""4vw54BmAogeRV3vPKWyFet5yf8DTLcREzdSzx4rw9Ud9"", ""walletName"": ""decu""}"
2026-06-11T04:55:01+00:00,okx_web3,4vw54BmAogeRV3vPKWyFet5yf8DTLcREzdSzx4rw9Ud9,BountyCraft,long,,,,,,580.5773686666095,245.66115609795003,"{""pnl"": ""580.5773686666095"", ""roi"": ""245.66115609795003"", ""source"": ""okx_web3_topTokens"", ""tokenAddress"": ""c8V6yDtbmCERcRXm1REPYFiEK7zKeJDhhQ8dUqGmine"", ""tokenSymbol"": ""BountyCraft"", ""tokenUrl"": ""https://web3.okx.com/cdn/web3/currency/token/large/501-c8V6yDtbmCERcRXm1REPYFiEK7zKeJDhhQ8dUqGmine-109/type=default_90_0?v=1780932018583"", ""walletAddress"": ""4vw54BmAogeRV3vPKWyFet5yf8DTLcREzdSzx4rw9Ud9"", ""walletName"": ""decu""}"
2026-06-11T04:55:01+00:00,okx_web3,4vw54BmAogeRV3vPKWyFet5yf8DTLcREzdSzx4rw9Ud9,APU,long,,,,,,568.3866849999908,267.829497218104,"{""pnl"": ""568.3866849999908"", ""roi"": ""267.829497218104"", ""source"": ""okx_web3_topTokens"", ""tokenAddress"": ""24Kko3VWwMKtkB9CVct2ZAZgJzb2R2iNrYxCpTYFpump"", ""tokenSymbol"": ""APU"", ""tokenUrl"": ""https://web3.okx.com/cdn/web3/currency/token/large/501-24Kko3VWwMKtkB9CVct2ZAZgJzb2R2iNrYxCpTYFpump-109/type=default_90_0?v=1780667280924"", ""walletAddress"": ""4vw54BmAogeRV3vPKWyFet5yf8DTLcREzdSzx4rw9Ud9"", ""walletName"": ""decu""}"
2026-06-11T04:55:01+00:00,okx_web3,Eo4R8pBvnCbdvxQdFXMrdQrdy71vkv5mTh8HTD3VrEh1,CARDS,long,,,,,,23754.2547805309,395.3299850333891,"{""pnl"": ""23754.2547805309"", ""roi"": ""395.3299850333891"", ""source"": ""okx_web3_topTokens"", ""tokenAddress"": ""CARDSccUMFKoPRZxt5vt3ksUbxEFEcnZ3H2pd3dKxYjp"", ""tokenSymbol"": ""CARDS"", ""tokenUrl"": ""https://web3.okx.com/cdn/web3/currency/token/large/501-CARDSccUMFKoPRZxt5vt3ksUbxEFEcnZ3H2pd3dKxYjp-107/type=default_90_0?v=1781069177887"", ""walletAddress"": ""Eo4R8pBvnCbdvxQdFXMrdQrdy71vkv5mTh8HTD3VrEh1"", ""walletName"": ""LaserCat397.eth""}"
2026-06-11T04:55:01+00:00,okx_web3,EC8egFiX38xDdR9Q2Xyps6yqnYe6nCLfcDNYUvU7kb1B,KINS,long,,,,,,20705.08905347285,21626.029231785633,"{""pnl"": ""20705.08905347285"", ""roi"": ""21626.029231785633"", ""source"": ""okx_web3_topTokens"", ""tokenAddress"": ""Tqj8yFmagrg7oorpQkVGYR52r96RFTamvWfth9bpump"", ""tokenSymbol"": ""KINS"", ""tokenUrl"": ""https://web3.okx.com/cdn/web3/currency/token/large/501-Tqj8yFmagrg7oorpQkVGYR52r96RFTamvWfth9bpump-109/type=default_90_0?v=1779472621760"", ""walletAddress"": ""EC8egFiX38xDdR9Q2Xyps6yqnYe6nCLfcDNYUvU7kb1B"", ""walletName"": """"}"
2026-06-11T04:55:01+00:00,okx_web3,8FUfYWYWxLNEWgHwT2RbWSTThstaHXXtLDvMuvNRjxMV,Jotchua,long,,,,,,17938.207263969234,1548.1155327453832,"{""pnl"": ""17938.207263969234"", ""roi"": ""1548.1155327453832"", ""source"": ""okx_web3_topTokens"", ""tokenAddress"": ""BcHEaaTCvycPwwsJ9yQTXdHP9X2gCLkznDbZ8VySpump"", ""tokenSymbol"": ""Jotchua"", ""tokenUrl"": ""https://web3.okx.com/cdn/web3/currency/token/large/501-BcHEaaTCvycPwwsJ9yQTXdHP9X2gCLkznDbZ8VySpump-109/type=default_90_0?v=1780808328515"", ""walletAddress"": ""8FUfYWYWxLNEWgHwT2RbWSTThstaHXXtLDvMuvNRjxMV"", ""walletName"": """"}"
2026-06-11T04:55:01+00:00,okx_web3,8FUfYWYWxLNEWgHwT2RbWSTThstaHXXtLDvMuvNRjxMV,Bountywork,long,,,,,,2536.2512184969764,81.19639818433842,"{""pnl"": ""2536.2512184969764"", ""roi"": ""81.19639818433842"", ""source"": ""okx_web3_topTokens"", ""tokenAddress"": ""J4x1EMmQjF6WEzXq2tUtzY89x5aMhYz5CzfevcJEpump"", ""tokenSymbol"": ""Bountywork"", ""tokenUrl"": ""https://web3.okx.com/cdn/web3/currency/token/large/501-J4x1EMmQjF6WEzXq2tUtzY89x5aMhYz5CzfevcJEpump-109/type=default_90_0?v=1780584744862"", ""walletAddress"": ""8FUfYWYWxLNEWgHwT2RbWSTThstaHXXtLDvMuvNRjxMV"", ""walletName"": """"}"
2026-06-11T04:55:01+00:00,okx_web3,8FUfYWYWxLNEWgHwT2RbWSTThstaHXXtLDvMuvNRjxMV,GutGenug,long,,,,,,245.6045598777007,43.39180334519731,"{""pnl"": ""245.6045598777007"", ""roi"": ""43.39180334519731"", ""source"": ""okx_web3_topTokens"", ""tokenAddress"": ""w9Fh8VWmytLKo48AbnDf3vVdzN5SzpG6gFwmxeLpump"", ""tokenSymbol"": ""GutGenug"", ""tokenUrl"": ""https://web3.okx.com/cdn/web3/currency/token/large/501-w9Fh8VWmytLKo48AbnDf3vVdzN5SzpG6gFwmxeLpump-109/type=default_90_0?v=1781042714027"", ""walletAddress"": ""8FUfYWYWxLNEWgHwT2RbWSTThstaHXXtLDvMuvNRjxMV"", ""walletName"": """"}"
2026-06-11T04:55:01+00:00,okx_web3,Bi4rd5FH5bYEN8scZ7wevxNZyNmKHdaBcvewdPFxYdLt,BOUTYWORK,long,,,,,,1349.3234528095463,484.7157052019564,"{""pnl"": ""1349.3234528095463"", ""roi"": ""484.7157052019564"", ""source"": ""okx_web3_topTokens"", ""tokenAddress"": ""3oL99tu2qnxka3HnxY8g1cXNpgBJ5ojoSWWFiDMopump"", ""tokenSymbol"": ""BOUTYWORK"", ""tokenUrl"": ""https://web3.okx.com/cdn/web3/currency/token/large/501-3oL99tu2qnxka3HnxY8g1cXNpgBJ5ojoSWWFiDMopump-109/type=default_90_0?v=1780807393497"", ""walletAddress"": ""Bi4rd5FH5bYEN8scZ7wevxNZyNmKHdaBcvewdPFxYdLt"", ""walletName"": ""theo""}"
2026-06-11T04:55:01+00:00,okx_web3,Bi4rd5FH5bYEN8scZ7wevxNZyNmKHdaBcvewdPFxYdLt,BRUNO,long,,,,,,593.4009329999765,203.53855195045148,"{""pnl"": ""593.4009329999765"", ""roi"": ""203.53855195045148"", ""source"": ""okx_web3_topTokens"", ""tokenAddress"": ""6S4ggCf6REUYe3ob2UL9AX9uRr2iAit3DBMvaGj8pump"", ""tokenSymbol"": ""BRUNO"", ""tokenUrl"": ""https://web3.okx.com/cdn/web3/currency/token/large/501-6S4ggCf6REUYe3ob2UL9AX9uRr2iAit3DBMvaGj8pump-108/type=default_90_0?v=1781047441331"", ""walletAddress"": ""Bi4rd5FH5bYEN8scZ7wevxNZyNmKHdaBcvewdPFxYdLt"", ""walletName"": ""theo""}"
2026-06-11T04:55:01+00:00,okx_web3,Bi4rd5FH5bYEN8scZ7wevxNZyNmKHdaBcvewdPFxYdLt,Scrat,long,,,,,,588.3935915716038,187.66688073173174,"{""pnl"": ""588.3935915716038"", ""roi"": ""187.66688073173174"", ""source"": ""okx_web3_topTokens"", ""tokenAddress"": ""BACvfwFsaQLpNDb9sbE3bXa2yimHcdtFSJ7AF6DEpump"", ""tokenSymbol"": ""Scrat"", ""tokenUrl"": ""https://web3.okx.com/cdn/web3/currency/token/large/501-BACvfwFsaQLpNDb9sbE3bXa2yimHcdtFSJ7AF6DEpump-107/type=default_90_0?v=1781125953466"", ""walletAddress"": ""Bi4rd5FH5bYEN8scZ7wevxNZyNmKHdaBcvewdPFxYdLt"", ""walletName"": ""theo""}"
2026-06-11T04:55:01+00:00,okx_web3,2WM7WkBtBrpgWPQ6ne9X4BjPJhW6YzaGhyvYq5pfiT2i,LOKI,long,,,,,,15222.569721820464,2095.425017624506,"{""pnl"": ""15222.569721820464"", ""roi"": ""2095.425017624506"", ""source"": ""okx_web3_topTokens"", ""tokenAddress"": ""BoaQpzy2d94gunwyVUPpvVPsR6CymahWg6GBqoXZpump"", ""tokenSymbol"": ""LOKI"", ""tokenUrl"": ""https://web3.okx.com/cdn/web3/currency/token/large/501-BoaQpzy2d94gunwyVUPpvVPsR6CymahWg6GBqoXZpump-109/type=default_90_0?v=1780380962112"", ""walletAddress"": ""2WM7WkBtBrpgWPQ6ne9X4BjPJhW6YzaGhyvYq5pfiT2i"", ""walletName"": """"}"
2026-06-11T04:55:01+00:00,okx_web3,2WM7WkBtBrpgWPQ6ne9X4BjPJhW6YzaGhyvYq5pfiT2i,SOLFC,long,,,,,,558.330873480036,824.2439260583552,"{""pnl"": ""558.330873480036"", ""roi"": ""824.2439260583552"", ""source"": ""okx_web3_topTokens"", ""tokenAddress"": ""ET8kG3dbefg7uwqY4d4GGhkwvNmBdvBqf5UcvVERpump"", ""tokenSymbol"": ""SOLFC"", ""tokenUrl"": ""https://web3.okx.com/cdn/web3/currency/token/large/501-ET8kG3dbefg7uwqY4d4GGhkwvNmBdvBqf5UcvVERpump-109/type=default_90_0?v=1781099691837"", ""walletAddress"": ""2WM7WkBtBrpgWPQ6ne9X4BjPJhW6YzaGhyvYq5pfiT2i"", ""walletName"": """"}"
2026-06-11T04:55:01+00:00,okx_web3,JDd3hy3gQn2V982mi1zqhNqUw1GfV2UL6g76STojCJPN,Bountywork,long,,,,,,9818.13919600738,204.54946903662255,"{""pnl"": ""9818.13919600738"", ""roi"": ""204.54946903662255"", ""source"": ""okx_web3_topTokens"", ""tokenAddress"": ""J4x1EMmQjF6WEzXq2tUtzY89x5aMhYz5CzfevcJEpump"", ""tokenSymbol"": ""Bountywork"", ""tokenUrl"": ""https://web3.okx.com/cdn/web3/currency/token/large/501-J4x1EMmQjF6WEzXq2tUtzY89x5aMhYz5CzfevcJEpump-109/type=default_90_0?v=1780584744862"", ""walletAddress"": ""JDd3hy3gQn2V982mi1zqhNqUw1GfV2UL6g76STojCJPN"", ""walletName"": ""West""}"
2026-06-11T04:55:01+00:00,okx_web3,JDd3hy3gQn2V982mi1zqhNqUw1GfV2UL6g76STojCJPN,1B,long,,,,,,4303.201498443766,426.10740888194016,"{""pnl"": ""4303.201498443766"", ""roi"": ""426.10740888194016"", ""source"": ""okx_web3_topTokens"", ""tokenAddress"": ""2Mcwccy7Ckf6C2BUfwG9Z6kcYp8Mj5tKFBHEEoYCpump"", ""tokenSymbol"": ""1B"", ""tokenUrl"": ""https://web3.okx.com/cdn/web3/currency/token/large/501-2Mcwccy7Ckf6C2BUfwG9Z6kcYp8Mj5tKFBHEEoYCpump-109/type=default_90_0?v=1781145106954"", ""walletAddress"": ""JDd3hy3gQn2V982mi1zqhNqUw1GfV2UL6g76STojCJPN"", ""walletName"": ""West""}"
2026-06-11T04:55:01+00:00,okx_web3,JDd3hy3gQn2V982mi1zqhNqUw1GfV2UL6g76STojCJPN,WORTHLESS,long,,,,,,397.13973500002146,44.90538369188786,"{""pnl"": ""397.13973500002146"", ""roi"": ""44.90538369188786"", ""source"": ""okx_web3_topTokens"", ""tokenAddress"": ""Drv7SrSQJUcAN6WcXYrFM4EZDkzP4AjhSJv1AZGxpump"", ""tokenSymbol"": ""WORTHLESS"", ""tokenUrl"": ""https://web3.okx.com/cdn/web3/currency/token/large/501-Drv7SrSQJUcAN6WcXYrFM4EZDkzP4AjhSJv1AZGxpump-109/type=default_90_0?v=1781076978702"", ""walletAddress"": ""JDd3hy3gQn2V982mi1zqhNqUw1GfV2UL6g76STojCJPN"", ""walletName"": ""West""}"
2026-06-11T04:55:01+00:00,okx_web3,7HbTte3VF7ThD44rXdZK16iv3snMCxUCkbAD7PVDGv9c,WORLDCUP,long,,,,,,14228.081574554102,286.6712743479583,"{""pnl"": ""14228.081574554102"", ""roi"": ""286.6712743479583"", ""source"": ""okx_web3_topTokens"", ""tokenAddress"": ""33eum82LaAhtv5YkUq1BdwEviSErH5CnFxqVNLT5pump"", ""tokenSymbol"": ""WORLDCUP"", ""tokenUrl"": ""https://web3.okx.com/cdn/web3/currency/token/large/501-33eum82LaAhtv5YkUq1BdwEviSErH5CnFxqVNLT5pump-109/type=default_90_0?v=1778532550158"", ""walletAddress"": ""7HbTte3VF7ThD44rXdZK16iv3snMCxUCkbAD7PVDGv9c"", ""walletName"": """"}"
2026-06-11T04:55:01+00:00,okx_web3,4JDFkybq1s7L2ogu7heTPDhRJxmXGu4yKQgpGBNbGcJ5,SV151,long,,,,,,14342.40831,425.24036937813923,"{""pnl"": ""14342.40831"", ""roi"": ""425.24036937813923"", ""source"": ""okx_web3_topTokens"", ""tokenAddress"": ""SV151D5pjygAKA8aJJcKzm4wFnRX5G92Fye94jQJk7g"", ""tokenSymbol"": ""SV151"", ""tokenUrl"": ""https://web3.okx.com/cdn/web3/currency/token/large/501-SV151D5pjygAKA8aJJcKzm4wFnRX5G92Fye94jQJk7g-109/type=default_90_0?v=1780585403425"", ""walletAddress"": ""4JDFkybq1s7L2ogu7heTPDhRJxmXGu4yKQgpGBNbGcJ5"", ""walletName"": """"}"
2026-06-11T04:55:01+00:00,okx_web3,4JDFkybq1s7L2ogu7heTPDhRJxmXGu4yKQgpGBNbGcJ5,ACAT,long,,,,,,68.25718399999842,36.7281273149053,"{""pnl"": ""68.25718399999842"", ""roi"": ""36.7281273149053"", ""source"": ""okx_web3_topTokens"", ""tokenAddress"": ""BuzVgHAMDvNNz4zNvxcXN4EiTXzij1e7AjCzfmzVpump"", ""tokenSymbol"": ""ACAT"", ""tokenUrl"": ""https://web3.okx.com/cdn/web3/currency/token/large/501-BuzVgHAMDvNNz4zNvxcXN4EiTXzij1e7AjCzfmzVpump-109/type=default_90_0?v=1781131516494"", ""walletAddress"": ""4JDFkybq1s7L2ogu7heTPDhRJxmXGu4yKQgpGBNbGcJ5"", ""walletName"": """"}"
2026-06-11T04:55:01+00:00,okx_web3,4JDFkybq1s7L2ogu7heTPDhRJxmXGu4yKQgpGBNbGcJ5,FIGURINE,long,,,,,,18.809766092370296,7.576983178389773,"{""pnl"": ""18.809766092370296"", ""roi"": ""7.576983178389773"", ""source"": ""okx_web3_topTokens"", ""tokenAddress"": ""BXkxVcDj5fhMoDc6KhgwBRG3vPFF29p9EbxX5HSMpump"", ""tokenSymbol"": ""FIGURINE"", ""tokenUrl"": ""https://web3.okx.com/cdn/web3/currency/token/large/501-BXkxVcDj5fhMoDc6KhgwBRG3vPFF29p9EbxX5HSMpump-109/type=default_90_0?v=1781133740000"", ""walletAddress"": ""4JDFkybq1s7L2ogu7heTPDhRJxmXGu4yKQgpGBNbGcJ5"", ""walletName"": """"}"
2026-06-11T04:55:01+00:00,okx_web3,ardinRsN1mNYVeoJWTBsWeYeXvuR9UUDGMsCDKpb6AT,Bear,long,,,,,,751.7405127592449,303.0901921898058,"{""pnl"": ""751.7405127592449"", ""roi"": ""303.0901921898058"", ""source"": ""okx_web3_topTokens"", ""tokenAddress"": ""E9UBCCStMo3JyzfLbVxpbZ2JpQmJ1f5sPQhNBbtnpump"", ""tokenSymbol"": ""Bear"", ""tokenUrl"": ""https://web3.okx.com/cdn/web3/currency/token/large/501-E9UBCCStMo3JyzfLbVxpbZ2JpQmJ1f5sPQhNBbtnpump-109/type=default_90_0?v=1780730026726"", ""walletAddress"": ""ardinRsN1mNYVeoJWTBsWeYeXvuR9UUDGMsCDKpb6AT"", ""walletName"": ""trunoest""}"
2026-06-11T04:55:01+00:00,okx_web3,ardinRsN1mNYVeoJWTBsWeYeXvuR9UUDGMsCDKpb6AT,Garrett,long,,,,,,666.5560991621019,93.84619440633492,"{""pnl"": ""666.5560991621019"", ""roi"": ""93.84619440633492"", ""source"": ""okx_web3_topTokens"", ""tokenAddress"": ""392ZTvYfqAjmSqtuZ9qtNBTd5CVMB7ciY3tZFk6spump"", ""tokenSymbol"": ""Garrett"", ""tokenUrl"": ""https://web3.okx.com/cdn/web3/currency/token/large/501-392ZTvYfqAjmSqtuZ9qtNBTd5CVMB7ciY3tZFk6spump-109/type=default_90_0?v=1780651384313"", ""walletAddress"": ""ardinRsN1mNYVeoJWTBsWeYeXvuR9UUDGMsCDKpb6AT"", ""walletName"": ""trunoest""}"
2026-06-11T04:55:01+00:00,okx_web3,ardinRsN1mNYVeoJWTBsWeYeXvuR9UUDGMsCDKpb6AT,POKELIQUID,long,,,,,,497.66874914071434,346.32733936246024,"{""pnl"": ""497.66874914071434"", ""roi"": ""346.32733936246024"", ""source"": ""okx_web3_topTokens"", ""tokenAddress"": ""4c5LK64544TyniKzErqsEfGzfC7P5ygY9x3JqDKEpump"", ""tokenSymbol"": ""POKELIQUID"", ""tokenUrl"": ""https://web3.okx.com/cdn/web3/currency/token/large/501-4c5LK64544TyniKzErqsEfGzfC7P5ygY9x3JqDKEpump-109/type=default_90_0?v=1780817626004"", ""walletAddress"": ""ardinRsN1mNYVeoJWTBsWeYeXvuR9UUDGMsCDKpb6AT"", ""walletName"": ""trunoest""}"
2026-06-11T04:55:01+00:00,okx_web3,5BxootbxVKu7uYLRRusSD7GR5srM3iHFfBE6rr5eRXb4,HUNTER,long,,,,,,4438.330951539691,127.33690938512237,"{""pnl"": ""4438.330951539691"", ""roi"": ""127.33690938512237"", ""source"": ""okx_web3_topTokens"", ""tokenAddress"": ""9zwhS3b1oYuUEqWNpu2SPkEH24JMVWFEVQvHuYXZpump"", ""tokenSymbol"": ""HUNTER"", ""tokenUrl"": ""https://web3.okx.com/cdn/web3/currency/token/large/501-9zwhS3b1oYuUEqWNpu2SPkEH24JMVWFEVQvHuYXZpump-109/type=default_90_0?v=1780392025038"", ""walletAddress"": ""5BxootbxVKu7uYLRRusSD7GR5srM3iHFfBE6rr5eRXb4"", ""walletName"": """"}"
2026-06-11T04:55:01+00:00,okx_web3,5BxootbxVKu7uYLRRusSD7GR5srM3iHFfBE6rr5eRXb4,KINS,long,,,,,,2315.651565056868,104.50136426590122,"{""pnl"": ""2315.651565056868"", ""roi"": ""104.50136426590122"", ""source"": ""okx_web3_topTokens"", ""tokenAddress"": ""Tqj8yFmagrg7oorpQkVGYR52r96RFTamvWfth9bpump"", ""tokenSymbol"": ""KINS"", ""tokenUrl"": ""https://web3.okx.com/cdn/web3/currency/token/large/501-Tqj8yFmagrg7oorpQkVGYR52r96RFTamvWfth9bpump-109/type=default_90_0?v=1779472621760"", ""walletAddress"": ""5BxootbxVKu7uYLRRusSD7GR5srM3iHFfBE6rr5eRXb4"", ""walletName"": """"}"
2026-06-11T04:55:01+00:00,okx_web3,5BxootbxVKu7uYLRRusSD7GR5srM3iHFfBE6rr5eRXb4,Bountywork,long,,,,,,1969.3303223178675,36.043120511163025,"{""pnl"": ""1969.3303223178675"", ""roi"": ""36.043120511163025"", ""source"": ""okx_web3_topTokens"", ""tokenAddress"": ""J4x1EMmQjF6WEzXq2tUtzY89x5aMhYz5CzfevcJEpump"", ""tokenSymbol"": ""Bountywork"", ""tokenUrl"": ""https://web3.okx.com/cdn/web3/currency/token/large/501-J4x1EMmQjF6WEzXq2tUtzY89x5aMhYz5CzfevcJEpump-109/type=default_90_0?v=1780584744862"", ""walletAddress"": ""5BxootbxVKu7uYLRRusSD7GR5srM3iHFfBE6rr5eRXb4"", ""walletName"": """"}"
2026-06-11T04:55:01+00:00,okx_web3,aNBvPdB3AfFfqDStvMJthJXrtez3stqRpGqscbHNubB,HUNTER,long,,,,,,10663.9943086344,238.00700827948145,"{""pnl"": ""10663.9943086344"", ""roi"": ""238.00700827948145"", ""source"": ""okx_web3_topTokens"", ""tokenAddress"": ""9zwhS3b1oYuUEqWNpu2SPkEH24JMVWFEVQvHuYXZpump"", ""tokenSymbol"": ""HUNTER"", ""tokenUrl"": ""https://web3.okx.com/cdn/web3/currency/token/large/501-9zwhS3b1oYuUEqWNpu2SPkEH24JMVWFEVQvHuYXZpump-109/type=default_90_0?v=1780392025038"", ""walletAddress"": ""aNBvPdB3AfFfqDStvMJthJXrtez3stqRpGqscbHNubB"", ""walletName"": """"}"
2026-06-11T04:55:01+00:00,okx_web3,aNBvPdB3AfFfqDStvMJthJXrtez3stqRpGqscbHNubB,DUCK,long,,,,,,5371.840350999997,519.0108038140341,"{""pnl"": ""5371.840350999997"", ""roi"": ""519.0108038140341"", ""source"": ""okx_web3_topTokens"", ""tokenAddress"": ""236ziZWiNPWeNk8aNB7abJpv4A6vHNP2XpxHH9VUpump"", ""tokenSymbol"": ""DUCK"", ""tokenUrl"": ""https://web3.okx.com/cdn/web3/currency/token/large/501-236ziZWiNPWeNk8aNB7abJpv4A6vHNP2XpxHH9VUpump-109/type=default_90_0?v=1780672317820"", ""walletAddress"": ""aNBvPdB3AfFfqDStvMJthJXrtez3stqRpGqscbHNubB"", ""walletName"": """"}"
2026-06-11T04:55:01+00:00,okx_web3,aNBvPdB3AfFfqDStvMJthJXrtez3stqRpGqscbHNubB,$tupid,long,,,,,,3176.791105242646,203.0889818635486,"{""pnl"": ""3176.791105242646"", ""roi"": ""203.0889818635486"", ""source"": ""okx_web3_topTokens"", ""tokenAddress"": ""3G8zFxHAnuWXiiC9MobE9EUUqV6m6MjL51YnN6tGpump"", ""tokenSymbol"": ""$tupid"", ""tokenUrl"": ""https://web3.okx.com/cdn/web3/currency/token/large/501-3G8zFxHAnuWXiiC9MobE9EUUqV6m6MjL51YnN6tGpump-109/type=default_90_0?v=1780687774013"", ""walletAddress"": ""aNBvPdB3AfFfqDStvMJthJXrtez3stqRpGqscbHNubB"", ""walletName"": """"}"
2026-06-11T04:55:01+00:00,okx_web3,78N177fzNJpp8pG49xDv1efYcTMSzo9tPTKEA9mAVkh2,MABEL,long,,,,,,756.5668664603162,394.16842057960616,"{""pnl"": ""756.5668664603162"", ""roi"": ""394.16842057960616"", ""source"": ""okx_web3_topTokens"", ""tokenAddress"": ""H3ucU3e51h8L21cN1jSXkwmMmYX37rWv97h3K8x4pump"", ""tokenSymbol"": ""MABEL"", ""tokenUrl"": ""https://web3.okx.com/cdn/web3/currency/token/large/501-H3ucU3e51h8L21cN1jSXkwmMmYX37rWv97h3K8x4pump-107/type=default_90_0?v=1780836093115"", ""walletAddress"": ""78N177fzNJpp8pG49xDv1efYcTMSzo9tPTKEA9mAVkh2"", ""walletName"": ""Sheep""}"
2026-06-11T04:55:01+00:00,okx_web3,78N177fzNJpp8pG49xDv1efYcTMSzo9tPTKEA9mAVkh2,Company,long,,,,,,621.6958793953845,225.2421558490127,"{""pnl"": ""621.6958793953845"", ""roi"": ""225.2421558490127"", ""source"": ""okx_web3_topTokens"", ""tokenAddress"": ""2T2SvEYjEqTfLKS2Y2wP3qYyuBFFE2SF1oys9XJZpump"", ""tokenSymbol"": ""Company"", ""tokenUrl"": ""https://web3.okx.com/cdn/web3/currency/token/large/501-2T2SvEYjEqTfLKS2Y2wP3qYyuBFFE2SF1oys9XJZpump-107/type=default_90_0?v=1780759000830"", ""walletAddress"": ""78N177fzNJpp8pG49xDv1efYcTMSzo9tPTKEA9mAVkh2"", ""walletName"": ""Sheep""}"
2026-06-11T04:55:01+00:00,okx_web3,78N177fzNJpp8pG49xDv1efYcTMSzo9tPTKEA9mAVkh2,ATTENTION,long,,,,,,570.1336067573761,287.9462660390309,"{""pnl"": ""570.1336067573761"", ""roi"": ""287.9462660390309"", ""source"": ""okx_web3_topTokens"", ""tokenAddress"": ""DN9diRiJAb4bkTLKyPGGchdhUmQvGzMzdZLztBsZpump"", ""tokenSymbol"": ""ATTENTION"", ""tokenUrl"": ""https://web3.okx.com/cdn/web3/currency/token/large/501-DN9diRiJAb4bkTLKyPGGchdhUmQvGzMzdZLztBsZpump-109/type=default_90_0?v=1780916890240"", ""walletAddress"": ""78N177fzNJpp8pG49xDv1efYcTMSzo9tPTKEA9mAVkh2"", ""walletName"": ""Sheep""}"
